{"cameraMode":{"drawMode":0,"name":"Shaded","section":"Shading Mode"},"sceneLighting":true,"audioPlay":false,"sceneViewState":{"m_AlwaysRefresh":false,"showFog":true,"showSkybox":true,"showFlares":true,"showImageEffects":true,"showParticleSystems":true,"showVisualEffectGraphs":true,"m_FxEnabled":true},"in2DMode":false,"pivot":{"x":0.48659569025039675,"y":-0.00612187385559082,"z":-26.152088165283204},"rotation":{"x":-0.28575220704078677,"y":0.010633490979671479,"z":-0.003171161748468876,"w":-0.958239734172821},"size":96.54942321777344,"orthographic":false}